config,repeat,fold,seed,n_train,n_val,n_test,n_params,val_macro_f1,test_macro_f1_present,test_acc,minutes
effb0,0,0,0,440,58,52,4012672,54.11,92.11,92.31,3.47
mnv3l,0,0,0,440,58,52,4207156,45.44,87.78,88.46,3.08
mnv4m,0,0,0,440,58,52,8439636,58.6,89.48,90.38,3.11
effb0,0,0,1,440,58,52,4012672,54.57,96.09,96.15,3.1
mnv3l,0,0,1,440,58,52,4207156,48.95,96.09,96.15,3.02
mnv4m,0,0,1,440,58,52,8439636,56.41,88.48,92.31,3.12
effb0,0,1,0,386,41,123,4012672,88.75,77.81,81.3,2.77
mnv3l,0,1,0,386,41,123,4207156,79.6,80.89,82.93,2.69
mnv4m,0,1,0,386,41,123,8439636,87.43,70.83,73.98,2.82
effb0,0,1,1,386,41,123,4012672,92.38,77.93,82.93,2.76
mnv3l,0,1,1,386,41,123,4207156,88.57,78.86,81.3,2.7
mnv4m,0,1,1,386,41,123,8439636,87.78,74.05,78.86,2.79
effb0,0,2,0,275,28,247,4012672,66.67,67.76,68.42,2.05
mnv3l,0,2,0,275,28,247,4207156,65.81,60.79,68.02,2.0
mnv4m,0,2,0,275,28,247,8439636,65.81,50.36,59.92,2.06
effb0,0,2,1,275,28,247,4012672,66.67,64.45,65.18,2.04
mnv3l,0,2,1,275,28,247,4207156,65.81,60.71,68.02,1.98
mnv4m,0,2,1,275,28,247,8439636,65.77,62.18,65.18,2.07
effb0,0,3,0,388,34,128,4012672,91.41,83.0,81.25,2.75
mnv3l,0,3,0,388,34,128,4207156,83.9,70.37,64.84,2.68
mnv4m,0,3,0,388,34,128,8439636,89.64,68.01,59.38,2.75
effb0,0,3,1,388,34,128,4012672,85.01,73.61,67.97,2.8
mnv3l,0,3,1,388,34,128,4207156,90.71,69.63,63.28,2.69
mnv4m,0,3,1,388,34,128,8439636,91.52,69.51,61.72,2.74
effb0,1,0,0,453,42,55,4012672,75.54,78.61,74.55,3.17
mnv3l,1,0,0,453,42,55,4207156,70.67,85.37,83.64,3.08
mnv4m,1,0,0,453,42,55,8439636,71.58,79.42,76.36,3.17
effb0,1,0,1,453,42,55,4012672,86.37,68.19,61.82,3.24
mnv3l,1,0,1,453,42,55,4207156,73.35,73.06,69.09,3.25
mnv4m,1,0,1,453,42,55,8439636,76.75,72.72,69.09,3.27
effb0,1,1,0,395,46,109,4012672,75.68,74.46,74.31,2.91
mnv3l,1,1,0,395,46,109,4207156,81.82,71.83,65.14,2.8
mnv4m,1,1,0,395,46,109,8439636,77.59,62.5,63.3,2.92
effb0,1,1,1,395,46,109,4012672,77.96,78.15,77.98,2.83
mnv3l,1,1,1,395,46,109,4207156,75.48,77.04,77.98,2.81
mnv4m,1,1,1,395,46,109,8439636,80.57,79.79,76.15,2.86
effb0,1,2,0,296,30,224,4012672,32.05,51.37,62.95,2.19
mnv3l,1,2,0,296,30,224,4207156,41.27,43.9,55.8,2.14
mnv4m,1,2,0,296,30,224,8439636,37.5,49.95,63.84,2.16
effb0,1,2,1,296,30,224,4012672,41.26,50.77,61.61,2.18
mnv3l,1,2,1,296,30,224,4207156,41.27,48.59,62.05,2.13
mnv4m,1,2,1,296,30,224,8439636,39.11,41.13,51.79,2.16
effb0,1,3,0,348,40,162,4012672,95.07,70.29,73.46,2.53
mnv3l,1,3,0,348,40,162,4207156,91.81,77.95,81.48,2.46
mnv4m,1,3,0,348,40,162,8439636,91.21,72.67,75.31,2.54
effb0,1,3,1,348,40,162,4012672,95.07,73.22,77.16,2.53
mnv3l,1,3,1,348,40,162,4207156,91.81,68.29,72.84,2.47
mnv4m,1,3,1,348,40,162,8439636,89.05,75.02,75.31,2.51
effb0,2,0,0,419,51,80,4012672,81.5,69.02,67.5,3.06
mnv3l,2,0,0,419,51,80,4207156,76.67,72.49,72.5,2.97
mnv4m,2,0,0,419,51,80,8439636,67.25,55.6,52.5,3.04
effb0,2,0,1,419,51,80,4012672,81.02,68.97,67.5,3.06
mnv3l,2,0,1,419,51,80,4207156,70.83,62.92,62.5,3.07
mnv4m,2,0,1,419,51,80,8439636,78.81,60.17,57.5,3.07
effb0,2,1,0,256,35,259,4012672,94.5,68.05,70.27,2.02
mnv3l,2,1,0,256,35,259,4207156,80.88,78.28,79.15,1.97
mnv4m,2,1,0,256,35,259,8439636,77.61,66.77,68.34,2.03
effb0,2,1,1,256,35,259,4012672,85.11,70.97,73.75,1.99
mnv3l,2,1,1,256,35,259,4207156,80.88,72.46,73.36,1.92
mnv4m,2,1,1,256,35,259,8439636,76.07,70.21,70.27,1.99
effb0,2,2,0,443,46,61,4012672,97.66,81.76,77.05,3.17
mnv3l,2,2,0,443,46,61,4207156,96.89,57.91,63.93,3.1
mnv4m,2,2,0,443,46,61,8439636,97.47,55.36,59.02,3.17
effb0,2,2,1,443,46,61,4012672,97.66,81.51,77.05,3.21
mnv3l,2,2,1,443,46,61,4207156,95.15,83.19,78.69,3.06
mnv4m,2,2,1,443,46,61,8439636,97.06,67.56,75.41,3.17
effb0,2,3,0,358,42,150,4012672,75.71,84.52,83.33,2.65
mnv3l,2,3,0,358,42,150,4207156,71.09,82.06,80.0,2.57
mnv4m,2,3,0,358,42,150,8439636,74.24,71.82,68.67,2.66
effb0,2,3,1,358,42,150,4012672,76.28,79.42,76.67,2.66
mnv3l,2,3,1,358,42,150,4207156,66.76,82.35,80.0,2.59
mnv4m,2,3,1,358,42,150,8439636,74.74,69.53,66.0,2.65
effb0,3,0,0,393,61,96,4012672,100.0,56.66,58.33,2.93
mnv3l,3,0,0,393,61,96,4207156,100.0,79.35,83.33,2.84
mnv4m,3,0,0,393,61,96,8439636,100.0,76.55,79.17,2.9
effb0,3,0,1,393,61,96,4012672,88.57,89.48,90.62,2.91
mnv3l,3,0,1,393,61,96,4207156,82.68,82.11,83.33,2.82
mnv4m,3,0,1,393,61,96,8439636,100.0,62.64,59.38,2.9
effb0,3,1,0,424,46,80,4012672,68.25,69.21,62.5,3.04
mnv3l,3,1,0,424,46,80,4207156,69.72,68.49,62.5,2.98
mnv4m,3,1,0,424,46,80,8439636,70.52,72.65,66.25,3.02
effb0,3,1,1,424,46,80,4012672,71.73,69.6,62.5,3.17
mnv3l,3,1,1,424,46,80,4207156,68.68,67.39,61.25,3.03
mnv4m,3,1,1,424,46,80,8439636,74.21,75.32,71.25,3.11
effb0,3,2,0,247,23,280,4012672,65.77,72.16,72.5,1.96
mnv3l,3,2,0,247,23,280,4207156,60.15,54.7,61.07,1.94
mnv4m,3,2,0,247,23,280,8439636,89.81,64.31,65.71,1.91
effb0,3,2,1,247,23,280,4012672,60.15,68.34,70.0,1.94
mnv3l,3,2,1,247,23,280,4207156,60.15,68.01,71.07,1.91
mnv4m,3,2,1,247,23,280,8439636,65.77,64.0,64.29,1.91
effb0,3,3,0,417,39,94,4012672,84.54,89.66,88.3,3.04
mnv3l,3,3,0,417,39,94,4207156,95.18,91.16,90.43,3.01
mnv4m,3,3,0,417,39,94,8439636,94.12,78.81,78.72,3.11
effb0,3,3,1,417,39,94,4012672,87.01,92.41,91.49,3.04
mnv3l,3,3,1,417,39,94,4207156,92.37,91.21,90.43,3.05
mnv4m,3,3,1,417,39,94,8439636,95.18,81.0,79.79,3.2
effb0,4,0,0,459,50,41,4012672,86.45,86.31,90.24,3.35
mnv3l,4,0,0,459,50,41,4207156,82.9,84.43,90.24,3.17
mnv4m,4,0,0,459,50,41,8439636,75.34,82.2,90.24,3.34
effb0,4,0,1,459,50,41,4012672,93.67,93.59,95.12,3.33
mnv3l,4,0,1,459,50,41,4207156,88.47,84.43,90.24,3.07
mnv4m,4,0,1,459,50,41,8439636,81.63,77.02,87.8,3.25
effb0,4,1,0,381,34,135,4012672,52.57,82.07,86.67,2.73
mnv3l,4,1,0,381,34,135,4207156,50.02,86.77,89.63,2.78
mnv4m,4,1,0,381,34,135,8439636,47.54,73.26,80.0,2.91
effb0,4,1,1,381,34,135,4012672,53.12,82.67,86.67,2.81
mnv3l,4,1,1,381,34,135,4207156,49.54,86.11,88.89,2.63
mnv4m,4,1,1,381,34,135,8439636,71.83,65.32,75.56,2.73
effb0,4,2,0,309,31,210,4012672,63.91,54.44,57.62,2.42
mnv3l,4,2,0,309,31,210,4207156,74.7,49.54,58.57,2.29
mnv4m,4,2,0,309,31,210,8439636,76.38,64.18,65.71,2.27
effb0,4,2,1,309,31,210,4012672,63.91,63.6,71.43,2.28
mnv3l,4,2,1,309,31,210,4207156,65.56,55.78,65.24,2.21
mnv4m,4,2,1,309,31,210,8439636,64.77,41.68,60.48,2.24
effb0,4,3,0,342,44,164,4012672,90.51,79.46,80.49,2.58
mnv3l,4,3,0,342,44,164,4207156,88.52,78.24,79.88,2.49
mnv4m,4,3,0,342,44,164,8439636,92.49,70.93,72.56,2.59
effb0,4,3,1,342,44,164,4012672,93.86,76.04,78.05,2.77
mnv3l,4,3,1,342,44,164,4207156,92.49,76.52,78.05,2.65
mnv4m,4,3,1,342,44,164,8439636,88.52,67.08,71.34,2.54
cnxv2t,0,0,0,440,58,52,27869572,64.22,96.53,96.15,3.58
vits,0,0,0,440,58,52,21667204,61.47,94.76,94.23,3.12
cnxv2t,0,0,1,440,58,52,27869572,66.12,96.53,96.15,3.49
vits,0,0,1,440,58,52,21667204,64.53,96.39,96.15,3.11
cnxv2t,0,1,0,386,41,123,27869572,98.11,89.59,91.06,3.1
vits,0,1,0,386,41,123,21667204,88.33,91.08,92.68,2.78
cnxv2t,0,1,1,386,41,123,27869572,100.0,88.36,91.06,3.1
vits,0,1,1,386,41,123,21667204,89.88,85.88,89.43,2.79
cnxv2t,0,2,0,275,28,247,27869572,65.77,76.02,77.73,2.32
vits,0,2,0,275,28,247,21667204,66.67,76.43,77.73,2.05
cnxv2t,0,2,1,275,28,247,27869572,83.84,75.55,75.3,2.32
vits,0,2,1,275,28,247,21667204,65.81,72.66,73.68,2.09
cnxv2t,0,3,0,388,34,128,27869572,100.0,83.92,80.47,3.13
vits,0,3,0,388,34,128,21667204,93.87,86.13,83.59,2.77
cnxv2t,0,3,1,388,34,128,27869572,95.68,85.05,81.25,3.07
vits,0,3,1,388,34,128,21667204,91.09,87.5,85.16,2.7
cnxv2t,1,0,0,453,42,55,27869572,89.52,95.42,94.55,3.58
vits,1,0,0,453,42,55,21667204,98.27,93.73,92.73,3.19
cnxv2t,1,0,1,453,42,55,27869572,98.27,96.87,96.36,3.5
vits,1,0,1,453,42,55,21667204,95.16,93.48,92.73,3.2
cnxv2t,1,1,0,395,46,109,27869572,96.78,91.51,92.66,3.14
vits,1,1,0,395,46,109,21667204,95.24,82.04,84.4,2.76
cnxv2t,1,1,1,395,46,109,27869572,96.78,90.75,93.58,3.09
vits,1,1,1,395,46,109,21667204,90.24,89.32,90.83,2.76
cnxv2t,1,2,0,296,30,224,27869572,60.4,59.53,70.09,2.39
vits,1,2,0,296,30,224,21667204,60.4,67.06,81.7,2.17
cnxv2t,1,2,1,296,30,224,27869572,58.84,59.89,70.54,2.42
vits,1,2,1,296,30,224,21667204,58.84,57.93,69.64,2.13
cnxv2t,1,3,0,348,40,162,27869572,100.0,84.98,88.27,2.74
vits,1,3,0,348,40,162,21667204,94.27,82.57,87.04,2.44
cnxv2t,1,3,1,348,40,162,27869572,100.0,90.15,91.98,2.74
vits,1,3,1,348,40,162,21667204,100.0,90.25,91.98,2.43
cnxv2t,2,0,0,419,51,80,27869572,73.04,73.86,72.5,3.35
vits,2,0,0,419,51,80,21667204,72.71,78.99,78.75,2.94
cnxv2t,2,0,1,419,51,80,27869572,73.04,75.94,76.25,3.34
vits,2,0,1,419,51,80,21667204,72.71,84.91,85.0,2.94
cnxv2t,2,1,0,256,35,259,27869572,100.0,80.41,81.85,2.25
vits,2,1,0,256,35,259,21667204,100.0,81.13,82.24,1.94
cnxv2t,2,1,1,256,35,259,27869572,95.08,79.47,79.54,2.2
vits,2,1,1,256,35,259,21667204,92.95,74.33,76.06,1.96
cnxv2t,2,2,0,443,46,61,27869572,97.66,92.39,91.8,3.43
vits,2,2,0,443,46,61,21667204,97.66,86.76,85.25,3.06
cnxv2t,2,2,1,443,46,61,27869572,97.66,93.07,91.8,3.43
vits,2,2,1,443,46,61,21667204,95.48,87.7,86.89,3.02
cnxv2t,2,3,0,358,42,150,27869572,97.39,90.04,89.33,2.86
vits,2,3,0,358,42,150,21667204,97.39,84.89,83.33,2.56
cnxv2t,2,3,1,358,42,150,27869572,94.96,92.77,92.67,2.86
vits,2,3,1,358,42,150,21667204,97.39,91.91,92.0,2.52
cnxv2t,3,0,0,393,61,96,27869572,66.34,76.04,83.33,3.13
vits,3,0,0,393,61,96,21667204,100.0,85.14,89.58,2.81
cnxv2t,3,0,1,393,61,96,27869572,66.67,85.53,88.54,3.16
vits,3,0,1,393,61,96,21667204,66.67,71.82,72.92,2.81
cnxv2t,3,1,0,424,46,80,27869572,81.11,66.81,65.0,3.32
vits,3,1,0,424,46,80,21667204,79.96,70.93,65.0,2.94
cnxv2t,3,1,1,424,46,80,27869572,83.79,77.13,73.75,3.27
vits,3,1,1,424,46,80,21667204,78.29,68.75,62.5,2.93
cnxv2t,3,2,0,247,23,280,27869572,62.96,80.39,80.71,2.06
vits,3,2,0,247,23,280,21667204,100.0,83.64,84.29,1.81
cnxv2t,3,2,1,247,23,280,27869572,62.96,78.3,77.86,2.06
vits,3,2,1,247,23,280,21667204,100.0,86.86,87.5,1.82
cnxv2t,3,3,0,417,39,94,27869572,98.04,95.25,94.68,3.24
vits,3,3,0,417,39,94,21667204,97.14,92.88,91.49,2.92
cnxv2t,3,3,1,417,39,94,27869572,98.04,89.25,88.3,3.28
vits,3,3,1,417,39,94,21667204,98.04,94.62,93.62,2.92
cnxv2t,4,0,0,459,50,41,27869572,93.67,82.53,87.8,3.52
vits,4,0,0,459,50,41,21667204,93.67,81.11,87.8,3.15
cnxv2t,4,0,1,459,50,41,27869572,93.67,94.17,95.12,3.55
vits,4,0,1,459,50,41,21667204,93.67,84.43,90.24,3.15
cnxv2t,4,1,0,381,34,135,27869572,65.08,95.16,96.3,2.94
vits,4,1,0,381,34,135,21667204,62.9,85.99,91.11,2.62
cnxv2t,4,1,1,381,34,135,27869572,62.9,92.07,94.07,2.95
vits,4,1,1,381,34,135,21667204,63.52,95.02,96.3,2.63
cnxv2t,4,2,0,309,31,210,27869572,95.52,68.72,70.48,2.51
vits,4,2,0,309,31,210,21667204,94.5,80.61,78.1,2.24
cnxv2t,4,2,1,309,31,210,27869572,89.87,77.03,70.48,2.52
vits,4,2,1,309,31,210,21667204,89.87,75.55,70.0,2.24
cnxv2t,4,3,0,342,44,164,27869572,98.07,82.47,81.71,2.77
vits,4,3,0,342,44,164,21667204,98.07,87.8,87.2,2.5
cnxv2t,4,3,1,342,44,164,27869572,98.07,84.74,84.15,2.77
vits,4,3,1,342,44,164,21667204,98.07,83.84,82.93,2.47
