config,attention,seed,replicate,macro_f1,accuracy
EfficientNet-B0 (no attention),none,42,1,77.71,78.57
EfficientNet-B0 + SE,se,42,1,71.38,71.43
EfficientNet-B0 + CBAM,cbam,42,1,72.28,73.21
EfficientNet-B0 + LFA,lfa,42,1,79.63,80.36
EfficientNet-B0 (no attention),none,42,2,74.22,75.0
EfficientNet-B0 + SE,se,42,2,77.71,78.57
EfficientNet-B0 + CBAM,cbam,42,2,79.23,80.36
EfficientNet-B0 + LFA,lfa,42,2,74.22,75.0
EfficientNet-B0 (no attention),none,1,1,75.97,76.79
EfficientNet-B0 + SE,se,1,1,81.11,82.14
EfficientNet-B0 + CBAM,cbam,1,1,78.03,78.57
EfficientNet-B0 + LFA,lfa,1,1,76.6,76.79
EfficientNet-B0 (no attention),none,1,2,76.36,76.79
EfficientNet-B0 + SE,se,1,2,78.52,78.57
EfficientNet-B0 + CBAM,cbam,1,2,75.97,76.79
EfficientNet-B0 + LFA,lfa,1,2,75.5,80.36
EfficientNet-B0 (no attention),none,2,1,79.69,80.36
EfficientNet-B0 + SE,se,2,1,70.28,71.43
EfficientNet-B0 + CBAM,cbam,2,1,74.75,78.57
EfficientNet-B0 + LFA,lfa,2,1,82.44,83.93
EfficientNet-B0 (no attention),none,2,2,79.69,80.36
EfficientNet-B0 + SE,se,2,2,78.2,78.57
EfficientNet-B0 + CBAM,cbam,2,2,79.69,80.36
EfficientNet-B0 + LFA,lfa,2,2,78.15,78.57
EfficientNet-B0 (no attention),none,3,1,78.2,78.57
EfficientNet-B0 + SE,se,3,1,77.64,78.57
EfficientNet-B0 + CBAM,cbam,3,1,76.02,76.79
EfficientNet-B0 + LFA,lfa,3,1,79.63,80.36
EfficientNet-B0 (no attention),none,3,2,78.55,78.57
EfficientNet-B0 + SE,se,3,2,78.2,78.57
EfficientNet-B0 + CBAM,cbam,3,2,80.83,82.14
EfficientNet-B0 + LFA,lfa,3,2,78.2,78.57
