config,seed,val_macro_f1,n_vietnam,vn_macro_f1_full,vn_macro_f1_3class,vn_pred_as_root_pct,minutes
none,0,80.84,1701,39.75,39.93,0.8,2.19
lfa,0,79.31,1701,40.62,40.78,0.6,1.95
se,0,78.33,1701,39.52,39.54,0.7,1.95
cbam,0,78.14,1701,38.29,38.45,0.9,1.96
none,1,81.54,1701,43.9,44.04,0.8,1.96
lfa,1,79.62,1701,44.05,44.18,0.8,1.97
se,1,81.54,1701,42.08,42.12,0.5,1.97
cbam,1,81.5,1701,39.23,39.41,1.1,1.99
none,2,80.98,1701,38.82,38.93,0.5,1.99
lfa,2,81.03,1701,43.72,43.85,0.6,1.97
se,2,81.03,1701,41.36,41.39,0.6,1.99
cbam,2,79.15,1701,40.75,41.07,1.0,1.96
none,3,79.73,1701,37.04,37.11,0.8,2.0
lfa,3,79.33,1701,35.91,35.91,0.6,2.07
se,3,81.5,1701,41.31,41.35,0.8,2.08
cbam,3,77.83,1701,38.94,39.0,0.5,2.07
none,4,78.38,1701,39.57,39.69,0.6,2.07
lfa,4,79.55,1701,40.55,40.59,1.0,2.05
se,4,78.38,1701,40.31,40.46,0.6,2.06
cbam,4,78.82,1701,39.6,39.73,0.8,1.99
