,,precision,precision,recall,recall,f1,f1
,,mean,std,mean,std,mean,std
none,Algal,72.9,25.5,63.7,18.4,65.3,19.3
none,Leaf_rot,66.6,15.4,78.9,16.0,70.7,12.3
none,Phomopsis,77.2,20.5,78.6,19.0,74.2,13.4
none,Root_disease,91.0,18.3,99.3,2.1,93.6,14.2
lfa,Algal,73.8,25.9,61.1,21.2,63.6,21.0
lfa,Leaf_rot,66.9,16.2,82.9,15.1,71.8,11.1
lfa,Phomopsis,77.7,20.2,76.7,19.4,73.5,13.9
lfa,Root_disease,92.3,16.2,99.0,2.2,94.6,11.6
se,Algal,72.8,25.2,59.9,20.6,62.5,19.9
se,Leaf_rot,64.8,17.9,79.3,20.1,69.4,15.5
se,Phomopsis,78.3,20.9,78.9,18.8,74.9,14.7
se,Root_disease,91.2,18.3,99.3,1.5,93.8,14.2
cbam,Algal,74.1,24.1,60.7,21.8,63.6,21.1
cbam,Leaf_rot,66.0,14.5,82.2,12.3,71.8,9.9
cbam,Phomopsis,77.0,21.0,78.1,20.4,73.4,14.9
cbam,Root_disease,91.5,17.3,99.2,2.0,94.0,13.1
