config,repeat,fold,seed,n_train,n_val,n_test,val_macro_f1,test_macro_f1,test_acc,minutes
none,0,0,0,440,58,52,58.04,90.82,90.38,1.94
lfa,0,0,0,440,58,52,56.13,90.77,92.31,1.71
none,0,0,1,440,58,52,56.69,97.97,98.08,1.72
lfa,0,0,1,440,58,52,57.34,95.79,96.15,1.71
none,0,1,0,386,41,123,88.85,76.25,78.86,1.54
lfa,0,1,0,386,41,123,90.56,73.53,78.05,1.5
none,0,1,1,386,41,123,90.68,75.28,78.05,1.51
lfa,0,1,1,386,41,123,96.25,80.91,82.11,1.52
none,0,2,0,275,28,247,66.67,66.06,67.61,1.2
lfa,0,2,0,275,28,247,65.81,54.09,58.3,1.16
none,0,2,1,275,28,247,66.67,61.68,65.99,1.15
lfa,0,2,1,275,28,247,65.81,62.6,68.83,1.15
none,0,3,0,388,34,128,94.71,83.82,81.25,1.52
lfa,0,3,0,388,34,128,100.0,82.79,81.25,1.49
none,0,3,1,388,34,128,87.45,80.45,76.56,1.48
lfa,0,3,1,388,34,128,88.73,80.99,78.12,1.49
none,1,0,0,453,42,55,80.31,76.78,72.73,1.74
lfa,1,0,0,453,42,55,89.52,63.43,58.18,1.72
none,1,0,1,453,42,55,81.74,81.43,78.18,1.71
lfa,1,0,1,453,42,55,77.27,78.95,74.55,1.71
none,1,1,0,395,46,109,80.33,73.9,74.31,1.58
lfa,1,1,0,395,46,109,79.13,84.73,84.4,1.55
none,1,1,1,395,46,109,77.96,79.25,77.98,1.55
lfa,1,1,1,395,46,109,80.33,77.96,75.23,1.54
none,1,2,0,296,30,224,36.78,37.67,59.82,1.2
lfa,1,2,0,296,30,224,39.05,38.42,62.5,1.2
none,1,2,1,296,30,224,39.05,37.06,59.82,1.21
lfa,1,2,1,296,30,224,39.05,37.15,59.82,1.2
none,1,3,0,348,40,162,93.89,71.77,74.69,1.43
lfa,1,3,0,348,40,162,93.89,70.83,73.46,1.4
none,1,3,1,348,40,162,95.07,76.31,80.25,1.4
lfa,1,3,1,348,40,162,91.34,78.67,81.48,1.39
none,2,0,0,419,51,80,81.02,52.61,68.75,1.65
lfa,2,0,0,419,51,80,79.48,53.38,70.0,1.65
none,2,0,1,419,51,80,79.48,55.73,73.75,1.64
lfa,2,0,1,419,51,80,81.02,52.6,68.75,1.65
none,2,1,0,256,35,259,94.5,66.99,68.73,1.09
lfa,2,1,0,256,35,259,91.97,67.3,67.57,1.08
none,2,1,1,256,35,259,87.3,66.78,68.34,1.08
lfa,2,1,1,256,35,259,87.3,70.01,71.43,1.09
none,2,2,0,443,46,61,97.66,83.11,78.69,1.72
lfa,2,2,0,443,46,61,97.66,82.02,77.05,1.72
none,2,2,1,443,46,61,97.06,81.63,77.05,1.71
lfa,2,2,1,443,46,61,97.06,80.41,75.41,1.7
none,2,3,0,358,42,150,73.95,83.89,82.0,1.45
lfa,2,3,0,358,42,150,75.09,77.18,73.33,1.43
none,2,3,1,358,42,150,82.08,78.95,76.0,1.43
lfa,2,3,1,358,42,150,77.6,73.01,68.67,1.42
none,3,0,0,393,61,96,100.0,63.14,69.79,1.62
lfa,3,0,0,393,61,96,97.72,79.91,82.29,1.57
none,3,0,1,393,61,96,100.0,75.72,79.17,1.57
lfa,3,0,1,393,61,96,100.0,69.89,70.83,1.57
none,3,1,0,424,46,80,67.25,70.44,63.75,1.64
lfa,3,1,0,424,46,80,68.48,70.37,63.75,1.63
none,3,1,1,424,46,80,71.73,69.71,63.75,1.63
lfa,3,1,1,424,46,80,71.0,69.63,63.75,1.64
none,3,2,0,247,23,280,65.77,71.27,71.43,1.1
lfa,3,2,0,247,23,280,65.77,72.84,73.57,1.07
none,3,2,1,247,23,280,60.15,68.5,70.0,1.06
lfa,3,2,1,247,23,280,60.15,69.62,71.07,1.06
none,3,3,0,417,39,94,88.49,85.41,82.98,1.66
lfa,3,3,0,417,39,94,83.38,86.21,85.11,1.63
none,3,3,1,417,39,94,87.01,89.67,88.3,1.62
lfa,3,3,1,417,39,94,85.81,88.95,87.23,1.63
none,4,0,0,459,50,41,90.3,64.7,90.24,1.77
lfa,4,0,0,459,50,41,86.01,61.86,87.8,1.77
none,4,0,1,459,50,41,93.67,66.11,92.68,1.78
lfa,4,0,1,459,50,41,91.13,70.19,95.12,1.78
none,4,1,0,381,34,135,50.13,80.19,82.96,1.52
lfa,4,1,0,381,34,135,53.87,85.86,88.15,1.49
none,4,1,1,381,34,135,56.45,85.22,88.89,1.5
lfa,4,1,1,381,34,135,52.78,75.83,81.48,1.49
none,4,2,0,309,31,210,63.91,54.41,58.57,1.28
lfa,4,2,0,309,31,210,61.89,58.59,66.19,1.28
none,4,2,1,309,31,210,61.64,58.52,68.57,1.27
lfa,4,2,1,309,31,210,69.25,60.6,59.52,1.28
none,4,3,0,342,44,164,90.51,82.55,82.93,1.41
lfa,4,3,0,342,44,164,90.51,83.67,84.15,1.4
none,4,3,1,342,44,164,93.86,75.99,76.22,1.4
lfa,4,3,1,342,44,164,93.86,81.23,81.71,1.4
se,0,0,0,440,58,52,56.38,87.36,88.46,1.74
cbam,0,0,0,440,58,52,58.33,92.17,92.31,1.74
se,0,0,1,440,58,52,56.69,89.14,88.46,1.73
cbam,0,0,1,440,58,52,56.58,97.97,98.08,1.74
se,0,1,0,386,41,123,92.57,79.15,82.11,1.52
cbam,0,1,0,386,41,123,91.56,76.39,80.49,1.53
se,0,1,1,386,41,123,90.68,77.22,79.67,1.52
cbam,0,1,1,386,41,123,92.57,75.34,78.86,1.53
se,0,2,0,275,28,247,65.81,52.85,57.09,1.18
cbam,0,2,0,275,28,247,65.81,54.86,59.51,1.18
se,0,2,1,275,28,247,66.67,72.16,72.87,1.17
cbam,0,2,1,275,28,247,66.67,67.28,68.42,1.17
se,0,3,0,388,34,128,97.29,74.8,71.88,1.51
cbam,0,3,0,388,34,128,80.89,86.03,83.59,1.51
se,0,3,1,388,34,128,90.71,81.13,77.34,1.5
cbam,0,3,1,388,34,128,87.45,77.77,74.22,1.51
se,1,0,0,453,42,55,80.31,81.12,78.18,1.73
cbam,1,0,0,453,42,55,81.96,78.95,74.55,1.73
se,1,0,1,453,42,55,81.74,69.56,63.64,1.75
cbam,1,0,1,453,42,55,93.73,64.9,58.18,1.73
se,1,1,0,395,46,109,77.96,84.36,84.4,1.57
cbam,1,1,0,395,46,109,80.33,80.74,80.73,1.57
se,1,1,1,395,46,109,76.81,76.38,75.23,1.56
cbam,1,1,1,395,46,109,75.03,71.05,73.39,1.56
se,1,2,0,296,30,224,36.78,40.83,66.96,1.21
cbam,1,2,0,296,30,224,34.49,38.34,62.5,1.21
se,1,2,1,296,30,224,39.08,35.24,58.04,1.21
cbam,1,2,1,296,30,224,41.26,35.28,57.59,1.21
se,1,3,0,348,40,162,93.89,74.99,77.78,1.42
cbam,1,3,0,348,40,162,93.89,71.41,74.07,1.41
se,1,3,1,348,40,162,93.18,72.38,75.93,1.4
cbam,1,3,1,348,40,162,93.18,76.13,80.25,1.4
se,2,0,0,419,51,80,79.48,56.55,75.0,1.66
cbam,2,0,0,419,51,80,75.21,54.23,71.25,1.66
se,2,0,1,419,51,80,81.02,51.68,67.5,1.67
cbam,2,0,1,419,51,80,77.93,55.06,72.5,1.71
se,2,1,0,256,35,259,97.47,71.14,71.43,1.11
cbam,2,1,0,256,35,259,94.5,66.22,68.73,1.11
se,2,1,1,256,35,259,89.58,65.72,68.73,1.1
cbam,2,1,1,256,35,259,82.99,67.73,70.66,1.11
se,2,2,0,443,46,61,97.66,84.13,80.33,1.74
cbam,2,2,0,443,46,61,97.66,76.78,70.49,1.73
se,2,2,1,443,46,61,97.06,84.49,80.33,1.7
cbam,2,2,1,443,46,61,95.71,83.8,78.69,1.72
se,2,3,0,358,42,150,75.71,84.42,82.67,1.44
cbam,2,3,0,358,42,150,72.64,82.23,80.0,1.45
se,2,3,1,358,42,150,81.83,76.19,72.67,1.48
cbam,2,3,1,358,42,150,77.48,77.8,75.33,1.53
se,3,0,0,393,61,96,66.67,62.57,64.58,1.65
cbam,3,0,0,393,61,96,86.27,81.15,83.33,1.64
se,3,0,1,393,61,96,66.67,38.21,37.5,1.64
cbam,3,0,1,393,61,96,86.27,80.33,81.25,1.63
se,3,1,0,424,46,80,68.31,70.98,65.0,1.69
cbam,3,1,0,424,46,80,69.51,70.58,63.75,1.69
se,3,1,1,424,46,80,70.71,70.17,63.75,1.69
cbam,3,1,1,424,46,80,72.58,68.8,62.5,1.67
se,3,2,0,247,23,280,65.77,74.13,75.0,1.1
cbam,3,2,0,247,23,280,52.99,68.82,70.71,1.11
se,3,2,1,247,23,280,65.77,67.71,68.93,1.09
cbam,3,2,1,247,23,280,65.77,66.99,68.21,1.09
se,3,3,0,417,39,94,88.49,88.7,87.23,1.67
cbam,3,3,0,417,39,94,84.54,87.72,88.3,1.65
se,3,3,1,417,39,94,84.54,87.85,86.17,1.65
cbam,3,3,1,417,39,94,88.28,88.86,87.23,1.67
se,4,0,0,459,50,41,85.06,66.11,92.68,1.81
cbam,4,0,0,459,50,41,86.45,64.73,90.24,1.78
se,4,0,1,459,50,41,93.67,68.81,92.68,1.79
cbam,4,0,1,459,50,41,92.58,53.49,80.49,1.79
se,4,1,0,381,34,135,51.21,84.93,87.41,1.49
cbam,4,1,0,381,34,135,51.21,84.19,87.41,1.5
se,4,1,1,381,34,135,51.85,79.23,83.7,1.49
cbam,4,1,1,381,34,135,52.32,79.26,83.7,1.49
se,4,2,0,309,31,210,70.33,67.22,68.1,1.29
cbam,4,2,0,309,31,210,69.76,56.62,63.33,1.29
se,4,2,1,309,31,210,71.88,61.78,65.24,1.29
cbam,4,2,1,309,31,210,62.91,66.22,74.76,1.29
se,4,3,0,342,44,164,93.86,75.53,76.22,1.42
cbam,4,3,0,342,44,164,93.86,79.03,79.27,1.42
se,4,3,1,342,44,164,98.07,78.16,79.27,1.42
cbam,4,3,1,342,44,164,93.86,81.76,82.32,1.43
