config,repeat,fold,seed,n_test,classes_in_test,macro_f1,accuracy
cbam,0,0,0,52,4,92.17171717171718,92.3076923076923
cbam,0,0,1,52,4,97.97385620915033,98.07692307692307
cbam,0,1,0,123,4,76.39033935809414,80.48780487804879
cbam,0,1,1,123,4,75.33992238661169,78.86178861788618
cbam,0,2,0,247,4,54.8628364389234,59.51417004048582
cbam,0,2,1,247,4,67.28259485612426,68.42105263157895
cbam,0,3,0,128,4,86.02941176470587,83.59375
cbam,0,3,1,128,4,77.7669037373496,74.21875
cbam,1,0,0,55,4,78.94524959742351,74.54545454545455
cbam,1,0,1,55,4,64.89927427427428,58.18181818181818
cbam,1,1,0,109,4,80.74222525442038,80.73394495412845
cbam,1,1,1,109,4,71.04941498130353,73.39449541284404
cbam,1,2,0,224,3,51.12457912457913,62.5
cbam,1,2,1,224,3,47.03963889623299,57.58928571428571
cbam,1,3,0,162,4,71.41080341268311,74.07407407407408
cbam,1,3,1,162,4,76.13245860668542,80.24691358024691
cbam,2,0,0,80,3,72.30978260869566,71.25
cbam,2,0,1,80,3,73.41021107896711,72.5
cbam,2,1,0,259,4,66.21997786068489,68.72586872586872
cbam,2,1,1,259,4,67.7275920215137,70.65637065637065
cbam,2,2,0,61,4,76.78416594410726,70.49180327868852
cbam,2,2,1,61,4,83.79598662207358,78.68852459016394
cbam,2,3,0,150,4,82.22793565808237,80.0
cbam,2,3,1,150,4,77.80132250257135,75.33333333333333
cbam,3,0,0,96,4,81.14832535885166,83.33333333333334
cbam,3,0,1,96,4,80.33157168671188,81.25
cbam,3,1,0,80,4,70.57678466269711,63.74999999999999
cbam,3,1,1,80,4,68.79858947023126,62.5
cbam,3,2,0,280,4,68.81544492990275,70.71428571428572
cbam,3,2,1,280,4,66.99071482518104,68.21428571428572
cbam,3,3,0,94,4,87.72474513438368,88.29787234042553
cbam,3,3,1,94,4,88.85714285714286,87.2340425531915
cbam,4,0,0,41,3,86.30604288499025,90.2439024390244
cbam,4,0,1,41,3,71.32562426680073,80.48780487804879
cbam,4,1,0,135,4,84.18686375874536,87.4074074074074
cbam,4,1,1,135,4,79.26085370652997,83.7037037037037
cbam,4,2,0,210,4,56.617416029006804,63.33333333333333
cbam,4,2,1,210,4,66.22465855740504,74.76190476190476
cbam,4,3,0,164,4,79.03022059171391,79.26829268292683
cbam,4,3,1,164,4,81.75550494992902,82.3170731707317
lfa,0,0,0,52,4,90.77380952380952,92.3076923076923
lfa,0,0,1,52,4,95.78804347826086,96.15384615384616
lfa,0,1,0,123,4,73.52893309222424,78.04878048780488
lfa,0,1,1,123,4,80.90657211501201,82.11382113821138
lfa,0,2,0,247,4,54.08780505468896,58.2995951417004
lfa,0,2,1,247,4,62.601626016260155,68.82591093117408
lfa,0,3,0,128,4,82.79321610066953,81.25
lfa,0,3,1,128,4,80.99250936329588,78.125
lfa,1,0,0,55,4,63.43335983041867,58.18181818181818
lfa,1,0,1,55,4,78.95171957671958,74.54545454545455
lfa,1,1,0,109,4,84.73174605810047,84.40366972477065
lfa,1,1,1,109,4,77.9566774688726,75.22935779816514
lfa,1,2,0,224,3,51.22241892001341,62.5
lfa,1,2,1,224,3,49.53504450782128,59.82142857142857
lfa,1,3,0,162,4,70.82892481828652,73.4567901234568
lfa,1,3,1,162,4,78.66666666666666,81.48148148148148
lfa,2,0,0,80,3,71.17092818355091,70.0
lfa,2,0,1,80,3,70.13633374215681,68.75
lfa,2,1,0,259,4,67.29511374000751,67.56756756756756
lfa,2,1,1,259,4,70.01122930789556,71.42857142857143
lfa,2,2,0,61,4,82.01952085181898,77.04918032786885
lfa,2,2,1,61,4,80.40963101938712,75.40983606557377
lfa,2,3,0,150,4,77.1765411590993,73.33333333333333
lfa,2,3,1,150,4,73.01156035196162,68.66666666666667
lfa,3,0,0,96,4,79.91109530583215,82.29166666666666
lfa,3,0,1,96,4,69.88799099836334,70.83333333333334
lfa,3,1,0,80,4,70.36987630366238,63.74999999999999
lfa,3,1,1,80,4,69.6302578018996,63.74999999999999
lfa,3,2,0,280,4,72.84134570232649,73.57142857142858
lfa,3,2,1,280,4,69.61968546279397,71.07142857142857
lfa,3,3,0,94,4,86.21065458414856,85.1063829787234
lfa,3,3,1,94,4,88.95288701977722,87.2340425531915
lfa,4,0,0,41,3,82.48248248248248,87.8048780487805
lfa,4,0,1,41,3,93.58952937900305,95.1219512195122
lfa,4,1,0,135,4,85.85741790256154,88.14814814814815
lfa,4,1,1,135,4,75.82729636644913,81.48148148148148
lfa,4,2,0,210,4,58.58791909900878,66.19047619047619
lfa,4,2,1,210,4,60.601122212735845,59.523809523809526
lfa,4,3,0,164,4,83.6730008311651,84.14634146341463
lfa,4,3,1,164,4,81.2288996208702,81.70731707317073
none,0,0,0,52,4,90.8231819859727,90.38461538461539
none,0,0,1,52,4,97.97385620915033,98.07692307692307
none,0,1,0,123,4,76.24724504107394,78.86178861788618
none,0,1,1,123,4,75.28083552158782,78.04878048780488
none,0,2,0,247,4,66.06277122627333,67.61133603238866
none,0,2,1,247,4,61.67689250811625,65.9919028340081
none,0,3,0,128,4,83.82189239332097,81.25
none,0,3,1,128,4,80.4514034352744,76.5625
none,1,0,0,55,4,76.77917320774463,72.72727272727273
none,1,0,1,55,4,81.42857142857143,78.18181818181819
none,1,1,0,109,4,73.89693217096678,74.31192660550458
none,1,1,1,109,4,79.24651757227201,77.98165137614679
none,1,2,0,224,3,50.22970085470085,59.82142857142857
none,1,2,1,224,3,49.41196193227246,59.82142857142857
none,1,3,0,162,4,71.77149798313165,74.69135802469135
none,1,3,1,162,4,76.3058092750856,80.24691358024691
none,2,0,0,80,3,70.14774337178707,68.75
none,2,0,1,80,3,74.30555555555557,73.75
none,2,1,0,259,4,66.99331021662482,68.72586872586872
none,2,1,1,259,4,66.77784738214069,68.33976833976834
none,2,2,0,61,4,83.11111111111111,78.68852459016394
none,2,2,1,61,4,81.63120818436052,77.04918032786885
none,2,3,0,150,4,83.88510589185758,82.0
none,2,3,1,150,4,78.9549324956076,76.0
none,3,0,0,96,4,63.13958916900093,69.79166666666666
none,3,0,1,96,4,75.72300991567046,79.16666666666666
none,3,1,0,80,4,70.4408079021082,63.74999999999999
none,3,1,1,80,4,69.7067684795595,63.74999999999999
none,3,2,0,280,4,71.27172110462182,71.42857142857143
none,3,2,1,280,4,68.49689113494118,70.0
none,3,3,0,94,4,85.41409385612843,82.97872340425532
none,3,3,1,94,4,89.67231766981453,88.29787234042553
none,4,0,0,41,3,86.26126126126125,90.2439024390244
none,4,0,1,41,3,88.15018315018315,92.6829268292683
none,4,1,0,135,4,80.19350812598975,82.96296296296296
none,4,1,1,135,4,85.22135533167511,88.88888888888889
none,4,2,0,210,4,54.41356316099877,58.57142857142858
none,4,2,1,210,4,58.52186645329276,68.57142857142857
none,4,3,0,164,4,82.54778873826895,82.92682926829268
none,4,3,1,164,4,75.9904024419893,76.21951219512195
se,0,0,0,52,4,87.36413043478261,88.46153846153845
se,0,0,1,52,4,89.13533834586465,88.46153846153845
se,0,1,0,123,4,79.15100250626568,82.11382113821138
se,0,1,1,123,4,77.2169312169312,79.67479674796748
se,0,2,0,247,4,52.85400683458936,57.08502024291497
se,0,2,1,247,4,72.15803624754432,72.8744939271255
se,0,3,0,128,4,74.80154419943729,71.875
se,0,3,1,128,4,81.1300390474619,77.34375
se,1,0,0,55,4,81.12121212121211,78.18181818181819
se,1,0,1,55,4,69.55619412515965,63.63636363636363
se,1,1,0,109,4,84.36186412947721,84.40366972477065
se,1,1,1,109,4,76.38184859286199,75.22935779816514
se,1,2,0,224,3,54.43851516876768,66.96428571428571
se,1,2,1,224,3,46.98029056182058,58.03571428571429
se,1,3,0,162,4,74.99484536082474,77.77777777777779
se,1,3,1,162,4,72.3770896656535,75.92592592592592
se,2,0,0,80,3,75.40627362055933,75.0
se,2,0,1,80,3,68.91317547055252,67.5
se,2,1,0,259,4,71.14000582750583,71.42857142857143
se,2,1,1,259,4,65.72006245005475,68.72586872586872
se,2,2,0,61,4,84.12688553682341,80.32786885245902
se,2,2,1,61,4,84.49155331285651,80.32786885245902
se,2,3,0,150,4,84.41574596074392,82.66666666666667
se,2,3,1,150,4,76.19104678830317,72.66666666666667
se,3,0,0,96,4,62.57191892775417,64.58333333333334
se,3,0,1,96,4,38.21120107962213,37.5
se,3,1,0,80,4,70.97763347763347,65.0
se,3,1,1,80,4,70.16723065354115,63.74999999999999
se,3,2,0,280,4,74.12764731734549,75.0
se,3,2,1,280,4,67.7098521620043,68.92857142857143
se,3,3,0,94,4,88.69755082104479,87.2340425531915
se,3,3,1,94,4,87.85404281290265,86.17021276595744
se,4,0,0,41,3,88.15018315018315,92.6829268292683
se,4,0,1,41,3,91.74174174174175,92.6829268292683
se,4,1,0,135,4,84.92677545874771,87.4074074074074
se,4,1,1,135,4,79.23225764134855,83.7037037037037
se,4,2,0,210,4,67.21572449642625,68.0952380952381
se,4,2,1,210,4,61.783879909359754,65.23809523809524
se,4,3,0,164,4,75.52633140907552,76.21951219512195
se,4,3,1,164,4,78.16134524825384,79.26829268292683
