variant,config,test_n_mean,macro_f1_mean,macro_f1_sd,mean,ci_low,ci_high,p_corrected
all,none,137.5,75.06,10.86,,,,
all,lfa,137.5,74.93,10.95,-0.127,-4.562,4.308,0.953
all,se,137.5,74.29,11.8,-0.772,-7.62,6.076,0.816
all,cbam,137.5,74.68,10.78,-0.375,-5.477,4.728,0.879
no_video,none,121.8,66.6,12.04,,,,
no_video,lfa,121.8,66.46,12.15,-0.134,-4.546,4.278,0.95
no_video,se,121.8,65.34,12.74,-1.262,-10.283,7.759,0.773
no_video,cbam,121.8,66.37,13.06,-0.227,-5.826,5.372,0.933
unsplit_linked,none,87.0,67.36,12.17,,,,
unsplit_linked,lfa,87.0,66.54,12.34,-0.826,-6.088,4.437,0.746
unsplit_linked,se,87.0,64.54,14.16,-2.829,-11.698,6.04,0.512
unsplit_linked,cbam,87.0,66.19,14.53,-1.171,-7.96,5.618,0.722
